date,store_id,store_type,assortment,category,product,quantity,promo,promo2,customers,competition_distance
2025-12-01,1,a,c,Electronics,Laptop,84,0,0,146,1200.5
2025-12-01,1,a,c,Electronics,Smartphone,153,0,0,146,1200.5
2025-12-01,1,a,c,Electronics,Headphones,221,0,0,146,1200.5
2025-12-01,1,a,c,Clothing,T-Shirt,348,0,0,146,1200.5
2025-12-01,1,a,c,Clothing,Jeans,260,1,0,146,1200.5
2025-12-01,1,a,c,Clothing,Jacket,150,1,0,146,1200.5
2025-12-01,1,a,c,Food,Bread,432,0,0,146,1200.5
2025-12-01,1,a,c,Food,Milk,553,0,0,146,1200.5
2025-12-01,1,a,c,Food,Eggs,379,0,0,146,1200.5
2025-12-02,1,a,c,Electronics,Laptop,110,1,0,164,1200.5
2025-12-02,1,a,c,Electronics,Smartphone,173,1,0,164,1200.5
2025-12-02,1,a,c,Electronics,Headphones,238,0,0,164,1200.5
2025-12-02,1,a,c,Clothing,T-Shirt,338,0,0,164,1200.5
2025-12-02,1,a,c,Clothing,Jeans,214,0,0,164,1200.5
2025-12-02,1,a,c,Clothing,Jacket,147,1,0,164,1200.5
2025-12-02,1,a,c,Food,Bread,526,1,0,164,1200.5
2025-12-02,1,a,c,Food,Milk,590,0,0,164,1200.5
2025-12-02,1,a,c,Food,Eggs,404,0,0,164,1200.5
2025-12-03,1,a,c,Electronics,Laptop,102,1,0,160,1200.5
2025-12-03,1,a,c,Electronics,Smartphone,153,0,0,160,1200.5
2025-12-03,1,a,c,Electronics,Headphones,224,0,0,160,1200.5
2025-12-03,1,a,c,Clothing,T-Shirt,337,0,0,160,1200.5
2025-12-03,1,a,c,Clothing,Jeans,207,0,0,160,1200.5
2025-12-03,1,a,c,Clothing,Jacket,146,1,0,160,1200.5
2025-12-03,1,a,c,Food,Bread,615,1,0,160,1200.5
2025-12-03,1,a,c,Food,Milk,529,0,0,160,1200.5
2025-12-03,1,a,c,Food,Eggs,439,0,0,160,1200.5
2025-12-04,1,a,c,Electronics,Laptop,101,1,0,154,1200.5
2025-12-04,1,a,c,Electronics,Smartphone,174,1,0,154,1200.5
2025-12-04,1,a,c,Electronics,Headphones,229,0,0,154,1200.5
2025-12-04,1,a,c,Clothing,T-Shirt,350,0,0,154,1200.5
2025-12-04,1,a,c,Clothing,Jeans,254,1,0,154,1200.5
2025-12-04,1,a,c,Clothing,Jacket,153,1,0,154,1200.5
2025-12-04,1,a,c,Food,Bread,632,1,0,154,1200.5
2025-12-04,1,a,c,Food,Milk,507,0,0,154,1200.5
2025-12-04,1,a,c,Food,Eggs,536,1,0,154,1200.5
2025-12-05,1,a,c,Electronics,Laptop,95,0,0,156,1200.5
2025-12-05,1,a,c,Electronics,Smartphone,163,0,0,156,1200.5
2025-12-05,1,a,c,Electronics,Headphones,260,0,0,156,1200.5
2025-12-05,1,a,c,Clothing,T-Shirt,356,0,0,156,1200.5
2025-12-05,1,a,c,Clothing,Jeans,245,1,0,156,1200.5
2025-12-05,1,a,c,Clothing,Jacket,124,0,0,156,1200.5
2025-12-05,1,a,c,Food,Bread,458,0,0,156,1200.5
2025-12-05,1,a,c,Food,Milk,527,0,0,156,1200.5
2025-12-05,1,a,c,Food,Eggs,449,0,0,156,1200.5
2025-12-06,1,a,c,Electronics,Laptop,109,0,0,174,1200.5
2025-12-06,1,a,c,Electronics,Smartphone,173,0,0,174,1200.5
2025-12-06,1,a,c,Electronics,Headphones,250,0,0,174,1200.5
2025-12-06,1,a,c,Clothing,T-Shirt,450,1,0,174,1200.5
2025-12-06,1,a,c,Clothing,Jeans,233,0,0,174,1200.5
2025-12-06,1,a,c,Clothing,Jacket,149,0,0,174,1200.5
2025-12-06,1,a,c,Food,Bread,651,1,0,174,1200.5
2025-12-06,1,a,c,Food,Milk,587,0,0,174,1200.5
2025-12-06,1,a,c,Food,Eggs,555,1,0,174,1200.5
2025-12-07,1,a,c,Electronics,Laptop,106,0,0,191,1200.5
2025-12-07,1,a,c,Electronics,Smartphone,191,1,0,191,1200.5
2025-12-07,1,a,c,Electronics,Headphones,260,0,0,191,1200.5
2025-12-07,1,a,c,Clothing,T-Shirt,446,0,0,191,1200.5
2025-12-07,1,a,c,Clothing,Jeans,223,0,0,191,1200.5
2025-12-07,1,a,c,Clothing,Jacket,149,0,0,191,1200.5
2025-12-07,1,a,c,Food,Bread,682,1,0,191,1200.5
2025-12-07,1,a,c,Food,Milk,723,1,0,191,1200.5
2025-12-07,1,a,c,Food,Eggs,451,0,0,191,1200.5
2025-12-08,1,a,c,Electronics,Laptop,85,0,0,166,1200.5
2025-12-08,1,a,c,Electronics,Smartphone,174,1,0,166,1200.5
2025-12-08,1,a,c,Electronics,Headphones,232,0,0,166,1200.5
2025-12-08,1,a,c,Clothing,T-Shirt,375,0,0,166,1200.5
2025-12-08,1,a,c,Clothing,Jeans,230,0,0,166,1200.5
2025-12-08,1,a,c,Clothing,Jacket,114,0,0,166,1200.5
2025-12-08,1,a,c,Food,Bread,461,0,0,166,1200.5
2025-12-08,1,a,c,Food,Milk,588,1,0,166,1200.5
2025-12-08,1,a,c,Food,Eggs,420,0,0,166,1200.5
2025-12-09,1,a,c,Electronics,Laptop,105,1,0,161,1200.5
2025-12-09,1,a,c,Electronics,Smartphone,155,0,0,161,1200.5
2025-12-09,1,a,c,Electronics,Headphones,237,0,0,161,1200.5
2025-12-09,1,a,c,Clothing,T-Shirt,367,0,0,161,1200.5
2025-12-09,1,a,c,Clothing,Jeans,245,1,0,161,1200.5
2025-12-09,1,a,c,Clothing,Jacket,153,1,0,161,1200.5
2025-12-09,1,a,c,Food,Bread,526,0,0,161,1200.5
2025-12-09,1,a,c,Food,Milk,574,0,0,161,1200.5
2025-12-09,1,a,c,Food,Eggs,391,0,0,161,1200.5
2025-12-10,1,a,c,Electronics,Laptop,98,1,0,166,1200.5
2025-12-10,1,a,c,Electronics,Smartphone,155,0,0,166,1200.5
2025-12-10,1,a,c,Electronics,Headphones,289,1,0,166,1200.5
2025-12-10,1,a,c,Clothing,T-Shirt,445,1,0,166,1200.5
2025-12-10,1,a,c,Clothing,Jeans,262,1,0,166,1200.5
2025-12-10,1,a,c,Clothing,Jacket,130,0,0,166,1200.5
2025-12-10,1,a,c,Food,Bread,558,1,0,166,1200.5
2025-12-10,1,a,c,Food,Milk,703,1,0,166,1200.5
2025-12-10,1,a,c,Food,Eggs,400,0,0,166,1200.5
2025-12-11,1,a,c,Electronics,Laptop,118,1,0,167,1200.5
2025-12-11,1,a,c,Electronics,Smartphone,143,0,0,167,1200.5
2025-12-11,1,a,c,Electronics,Headphones,262,0,0,167,1200.5
2025-12-11,1,a,c,Clothing,T-Shirt,388,0,0,167,1200.5
2025-12-11,1,a,c,Clothing,Jeans,241,1,0,167,1200.5
2025-12-11,1,a,c,Clothing,Jacket,128,0,0,167,1200.5
2025-12-11,1,a,c,Food,Bread,471,0,0,167,1200.5
2025-12-11,1,a,c,Food,Milk,578,0,0,167,1200.5
2025-12-11,1,a,c,Food,Eggs,444,0,0,167,1200.5
2025-12-12,1,a,c,Electronics,Laptop,81,0,0,147,1200.5
2025-12-12,1,a,c,Electronics,Smartphone,186,1,0,147,1200.5
2025-12-12,1,a,c,Electronics,Headphones,268,1,0,147,1200.5
2025-12-12,1,a,c,Clothing,T-Shirt,374,0,0,147,1200.5
2025-12-12,1,a,c,Clothing,Jeans,198,0,0,147,1200.5
2025-12-12,1,a,c,Clothing,Jacket,114,0,0,147,1200.5
2025-12-12,1,a,c,Food,Bread,504,0,0,147,1200.5
2025-12-12,1,a,c,Food,Milk,578,0,0,147,1200.5
2025-12-12,1,a,c,Food,Eggs,426,0,0,147,1200.5
2025-12-13,1,a,c,Electronics,Laptop,106,0,0,181,1200.5
2025-12-13,1,a,c,Electronics,Smartphone,211,1,0,181,1200.5
2025-12-13,1,a,c,Electronics,Headphones,275,0,0,181,1200.5
2025-12-13,1,a,c,Clothing,T-Shirt,409,0,0,181,1200.5
2025-12-13,1,a,c,Clothing,Jeans,249,0,0,181,1200.5
2025-12-13,1,a,c,Clothing,Jacket,148,0,0,181,1200.5
2025-12-13,1,a,c,Food,Bread,662,1,0,181,1200.5
2025-12-13,1,a,c,Food,Milk,654,0,0,181,1200.5
2025-12-13,1,a,c,Food,Eggs,637,1,0,181,1200.5
2025-12-14,1,a,c,Electronics,Laptop,112,0,0,199,1200.5
2025-12-14,1,a,c,Electronics,Smartphone,156,0,0,199,1200.5
2025-12-14,1,a,c,Electronics,Headphones,272,0,0,199,1200.5
2025-12-14,1,a,c,Clothing,T-Shirt,452,0,0,199,1200.5
2025-12-14,1,a,c,Clothing,Jeans,232,0,0,199,1200.5
2025-12-14,1,a,c,Clothing,Jacket,148,0,0,199,1200.5
2025-12-14,1,a,c,Food,Bread,516,0,0,199,1200.5
2025-12-14,1,a,c,Food,Milk,675,0,0,199,1200.5
2025-12-14,1,a,c,Food,Eggs,490,0,0,199,1200.5
2025-12-15,1,a,c,Electronics,Laptop,112,1,0,163,1200.5
2025-12-15,1,a,c,Electronics,Smartphone,143,0,0,163,1200.5
2025-12-15,1,a,c,Electronics,Headphones,278,1,0,163,1200.5
2025-12-15,1,a,c,Clothing,T-Shirt,334,0,0,163,1200.5
2025-12-15,1,a,c,Clothing,Jeans,212,0,0,163,1200.5
2025-12-15,1,a,c,Clothing,Jacket,142,1,0,163,1200.5
2025-12-15,1,a,c,Food,Bread,589,1,0,163,1200.5
2025-12-15,1,a,c,Food,Milk,584,1,0,163,1200.5
2025-12-15,1,a,c,Food,Eggs,394,0,0,163,1200.5
2025-12-16,1,a,c,Electronics,Laptop,95,0,0,147,1200.5
2025-12-16,1,a,c,Electronics,Smartphone,145,0,0,147,1200.5
2025-12-16,1,a,c,Electronics,Headphones,221,0,0,147,1200.5
2025-12-16,1,a,c,Clothing,T-Shirt,327,0,0,147,1200.5
2025-12-16,1,a,c,Clothing,Jeans,212,0,0,147,1200.5
2025-12-16,1,a,c,Clothing,Jacket,147,1,0,147,1200.5
2025-12-16,1,a,c,Food,Bread,523,1,0,147,1200.5
2025-12-16,1,a,c,Food,Milk,525,0,0,147,1200.5
2025-12-16,1,a,c,Food,Eggs,506,1,0,147,1200.5
2025-12-17,1,a,c,Electronics,Laptop,118,1,0,160,1200.5
2025-12-17,1,a,c,Electronics,Smartphone,160,0,0,160,1200.5
2025-12-17,1,a,c,Electronics,Headphones,283,1,0,160,1200.5
2025-12-17,1,a,c,Clothing,T-Shirt,334,0,0,160,1200.5
2025-12-17,1,a,c,Clothing,Jeans,276,1,0,160,1200.5
2025-12-17,1,a,c,Clothing,Jacket,109,0,0,160,1200.5
2025-12-17,1,a,c,Food,Bread,474,0,0,160,1200.5
2025-12-17,1,a,c,Food,Milk,513,0,0,160,1200.5
2025-12-17,1,a,c,Food,Eggs,462,1,0,160,1200.5
2025-12-18,1,a,c,Electronics,Laptop,82,0,0,148,1200.5
2025-12-18,1,a,c,Electronics,Smartphone,148,0,0,148,1200.5
2025-12-18,1,a,c,Electronics,Headphones,265,1,0,148,1200.5
2025-12-18,1,a,c,Clothing,T-Shirt,470,1,0,148,1200.5
2025-12-18,1,a,c,Clothing,Jeans,211,0,0,148,1200.5
2025-12-18,1,a,c,Clothing,Jacket,118,0,0,148,1200.5
2025-12-18,1,a,c,Food,Bread,437,0,0,148,1200.5
2025-12-18,1,a,c,Food,Milk,503,0,0,148,1200.5
2025-12-18,1,a,c,Food,Eggs,488,1,0,148,1200.5
2025-12-19,1,a,c,Electronics,Laptop,98,1,0,167,1200.5
2025-12-19,1,a,c,Electronics,Smartphone,156,0,0,167,1200.5
2025-12-19,1,a,c,Electronics,Headphones,221,0,0,167,1200.5
2025-12-19,1,a,c,Clothing,T-Shirt,358,0,0,167,1200.5
2025-12-19,1,a,c,Clothing,Jeans,249,1,0,167,1200.5
2025-12-19,1,a,c,Clothing,Jacket,123,0,0,167,1200.5
2025-12-19,1,a,c,Food,Bread,436,0,0,167,1200.5
2025-12-19,1,a,c,Food,Milk,554,0,0,167,1200.5
2025-12-19,1,a,c,Food,Eggs,450,0,0,167,1200.5
2025-12-20,1,a,c,Electronics,Laptop,106,0,0,174,1200.5
2025-12-20,1,a,c,Electronics,Smartphone,188,0,0,174,1200.5
2025-12-20,1,a,c,Electronics,Headphones,284,0,0,174,1200.5
2025-12-20,1,a,c,Clothing,T-Shirt,429,0,0,174,1200.5
2025-12-20,1,a,c,Clothing,Jeans,224,0,0,174,1200.5
2025-12-20,1,a,c,Clothing,Jacket,147,0,0,174,1200.5
2025-12-20,1,a,c,Food,Bread,587,0,0,174,1200.5
2025-12-20,1,a,c,Food,Milk,585,0,0,174,1200.5
2025-12-20,1,a,c,Food,Eggs,547,1,0,174,1200.5
2025-12-21,1,a,c,Electronics,Laptop,114,1,0,183,1200.5
2025-12-21,1,a,c,Electronics,Smartphone,158,0,0,183,1200.5
2025-12-21,1,a,c,Electronics,Headphones,295,0,0,183,1200.5
2025-12-21,1,a,c,Clothing,T-Shirt,528,1,0,183,1200.5
2025-12-21,1,a,c,Clothing,Jeans,268,1,0,183,1200.5
2025-12-21,1,a,c,Clothing,Jacket,142,0,0,183,1200.5
2025-12-21,1,a,c,Food,Bread,578,0,0,183,1200.5
2025-12-21,1,a,c,Food,Milk,594,0,0,183,1200.5
2025-12-21,1,a,c,Food,Eggs,609,1,0,183,1200.5
2025-12-22,1,a,c,Electronics,Laptop,88,0,0,142,1200.5
2025-12-22,1,a,c,Electronics,Smartphone,158,0,0,142,1200.5
2025-12-22,1,a,c,Electronics,Headphones,261,0,0,142,1200.5
2025-12-22,1,a,c,Clothing,T-Shirt,355,0,0,142,1200.5
2025-12-22,1,a,c,Clothing,Jeans,221,0,0,142,1200.5
2025-12-22,1,a,c,Clothing,Jacket,156,1,0,142,1200.5
2025-12-22,1,a,c,Food,Bread,511,0,0,142,1200.5
2025-12-22,1,a,c,Food,Milk,583,0,0,142,1200.5
2025-12-22,1,a,c,Food,Eggs,379,0,0,142,1200.5
2025-12-23,1,a,c,Electronics,Laptop,87,0,0,148,1200.5
2025-12-23,1,a,c,Electronics,Smartphone,155,0,0,148,1200.5
2025-12-23,1,a,c,Electronics,Headphones,240,0,0,148,1200.5
2025-12-23,1,a,c,Clothing,T-Shirt,397,1,0,148,1200.5
2025-12-23,1,a,c,Clothing,Jeans,212,0,0,148,1200.5
2025-12-23,1,a,c,Clothing,Jacket,157,1,0,148,1200.5
2025-12-23,1,a,c,Food,Bread,443,0,0,148,1200.5
2025-12-23,1,a,c,Food,Milk,591,0,0,148,1200.5
2025-12-23,1,a,c,Food,Eggs,383,0,0,148,1200.5
2025-12-24,1,a,c,Electronics,Laptop,122,0,0,242,1200.5
2025-12-24,1,a,c,Electronics,Smartphone,234,1,0,242,1200.5
2025-12-24,1,a,c,Electronics,Headphones,344,0,0,242,1200.5
2025-12-24,1,a,c,Clothing,T-Shirt,554,1,0,242,1200.5
2025-12-24,1,a,c,Clothing,Jeans,269,0,0,242,1200.5
2025-12-24,1,a,c,Clothing,Jacket,175,0,0,242,1200.5
2025-12-24,1,a,c,Food,Bread,739,1,0,242,1200.5
2025-12-24,1,a,c,Food,Milk,737,0,0,242,1200.5
2025-12-24,1,a,c,Food,Eggs,625,0,0,242,1200.5
2025-12-25,1,a,c,Electronics,Laptop,132,0,0,246,1200.5
2025-12-25,1,a,c,Electronics,Smartphone,193,0,0,246,1200.5
2025-12-25,1,a,c,Electronics,Headphones,340,0,0,246,1200.5
2025-12-25,1,a,c,Clothing,T-Shirt,545,0,0,246,1200.5
2025-12-25,1,a,c,Clothing,Jeans,352,1,0,246,1200.5
2025-12-25,1,a,c,Clothing,Jacket,200,1,0,246,1200.5
2025-12-25,1,a,c,Food,Bread,745,1,0,246,1200.5
2025-12-25,1,a,c,Food,Milk,934,1,0,246,1200.5
2025-12-25,1,a,c,Food,Eggs,598,0,0,246,1200.5
2025-12-26,1,a,c,Electronics,Laptop,125,0,0,269,1200.5
2025-12-26,1,a,c,Electronics,Smartphone,253,1,0,269,1200.5
2025-12-26,1,a,c,Electronics,Headphones,356,0,0,269,1200.5
2025-12-26,1,a,c,Clothing,T-Shirt,510,0,0,269,1200.5
2025-12-26,1,a,c,Clothing,Jeans,267,0,0,269,1200.5
2025-12-26,1,a,c,Clothing,Jacket,182,0,0,269,1200.5
2025-12-26,1,a,c,Food,Bread,838,1,0,269,1200.5
2025-12-26,1,a,c,Food,Milk,847,1,0,269,1200.5
2025-12-26,1,a,c,Food,Eggs,677,1,0,269,1200.5
2025-12-27,1,a,c,Electronics,Laptop,147,0,0,170,1200.5
2025-12-27,1,a,c,Electronics,Smartphone,220,0,0,170,1200.5
2025-12-27,1,a,c,Electronics,Headphones,505,1,0,170,1200.5
2025-12-27,1,a,c,Clothing,T-Shirt,574,0,0,170,1200.5
2025-12-27,1,a,c,Clothing,Jeans,323,0,0,170,1200.5
2025-12-27,1,a,c,Clothing,Jacket,230,1,0,170,1200.5
2025-12-27,1,a,c,Food,Bread,786,0,0,170,1200.5
2025-12-27,1,a,c,Food,Milk,1142,1,0,170,1200.5
2025-12-27,1,a,c,Food,Eggs,703,0,0,170,1200.5
2025-12-28,1,a,c,Electronics,Laptop,171,1,0,186,1200.5
2025-12-28,1,a,c,Electronics,Smartphone,230,0,0,186,1200.5
2025-12-28,1,a,c,Electronics,Headphones,424,1,0,186,1200.5
2025-12-28,1,a,c,Clothing,T-Shirt,570,0,0,186,1200.5
2025-12-28,1,a,c,Clothing,Jeans,366,0,0,186,1200.5
2025-12-28,1,a,c,Clothing,Jacket,249,1,0,186,1200.5
2025-12-28,1,a,c,Food,Bread,721,0,0,186,1200.5
2025-12-28,1,a,c,Food,Milk,918,0,0,186,1200.5
2025-12-28,1,a,c,Food,Eggs,742,0,0,186,1200.5
2025-12-29,1,a,c,Electronics,Laptop,123,0,0,150,1200.5
2025-12-29,1,a,c,Electronics,Smartphone,224,0,0,150,1200.5
2025-12-29,1,a,c,Electronics,Headphones,334,0,0,150,1200.5
2025-12-29,1,a,c,Clothing,T-Shirt,481,0,0,150,1200.5
2025-12-29,1,a,c,Clothing,Jeans,379,1,0,150,1200.5
2025-12-29,1,a,c,Clothing,Jacket,185,0,0,150,1200.5
2025-12-29,1,a,c,Food,Bread,679,0,0,150,1200.5
2025-12-29,1,a,c,Food,Milk,823,0,0,150,1200.5
2025-12-29,1,a,c,Food,Eggs,558,0,0,150,1200.5
2025-12-30,1,a,c,Electronics,Laptop,144,1,0,153,1200.5
2025-12-30,1,a,c,Electronics,Smartphone,237,1,0,153,1200.5
2025-12-30,1,a,c,Electronics,Headphones,353,0,0,153,1200.5
2025-12-30,1,a,c,Clothing,T-Shirt,577,1,0,153,1200.5
2025-12-30,1,a,c,Clothing,Jeans,353,1,0,153,1200.5
2025-12-30,1,a,c,Clothing,Jacket,179,0,0,153,1200.5
2025-12-30,1,a,c,Food,Bread,715,0,0,153,1200.5
2025-12-30,1,a,c,Food,Milk,694,0,0,153,1200.5
2025-12-30,1,a,c,Food,Eggs,599,0,0,153,1200.5
2025-12-31,1,a,c,Electronics,Laptop,133,0,0,254,1200.5
2025-12-31,1,a,c,Electronics,Smartphone,223,0,0,254,1200.5
2025-12-31,1,a,c,Electronics,Headphones,344,0,0,254,1200.5
2025-12-31,1,a,c,Clothing,T-Shirt,515,0,0,254,1200.5
2025-12-31,1,a,c,Clothing,Jeans,297,0,0,254,1200.5
2025-12-31,1,a,c,Clothing,Jacket,211,1,0,254,1200.5
2025-12-31,1,a,c,Food,Bread,665,0,0,254,1200.5
2025-12-31,1,a,c,Food,Milk,725,0,0,254,1200.5
2025-12-31,1,a,c,Food,Eggs,611,0,0,254,1200.5
2026-01-01,1,a,c,Electronics,Laptop,47,1,0,108,1200.5
2026-01-01,1,a,c,Electronics,Smartphone,57,0,0,108,1200.5
2026-01-01,1,a,c,Electronics,Headphones,105,0,0,108,1200.5
2026-01-01,1,a,c,Clothing,T-Shirt,139,0,0,108,1200.5
2026-01-01,1,a,c,Clothing,Jeans,80,0,0,108,1200.5
2026-01-01,1,a,c,Clothing,Jacket,53,1,0,108,1200.5
2026-01-01,1,a,c,Food,Bread,214,1,0,108,1200.5
2026-01-01,1,a,c,Food,Milk,267,1,0,108,1200.5
2026-01-01,1,a,c,Food,Eggs,195,1,0,108,1200.5
2026-01-02,1,a,c,Electronics,Laptop,90,0,0,142,1200.5
2026-01-02,1,a,c,Electronics,Smartphone,153,0,0,142,1200.5
2026-01-02,1,a,c,Electronics,Headphones,307,1,0,142,1200.5
2026-01-02,1,a,c,Clothing,T-Shirt,349,0,0,142,1200.5
2026-01-02,1,a,c,Clothing,Jeans,254,1,0,142,1200.5
2026-01-02,1,a,c,Clothing,Jacket,117,0,0,142,1200.5
2026-01-02,1,a,c,Food,Bread,444,0,0,142,1200.5
2026-01-02,1,a,c,Food,Milk,521,0,0,142,1200.5
2026-01-02,1,a,c,Food,Eggs,502,1,0,142,1200.5
2026-01-03,1,a,c,Electronics,Laptop,133,1,0,191,1200.5
2026-01-03,1,a,c,Electronics,Smartphone,157,0,0,191,1200.5
2026-01-03,1,a,c,Electronics,Headphones,351,1,0,191,1200.5
2026-01-03,1,a,c,Clothing,T-Shirt,388,0,0,191,1200.5
2026-01-03,1,a,c,Clothing,Jeans,282,1,0,191,1200.5
2026-01-03,1,a,c,Clothing,Jacket,141,0,0,191,1200.5
2026-01-03,1,a,c,Food,Bread,548,0,0,191,1200.5
2026-01-03,1,a,c,Food,Milk,563,0,0,191,1200.5
2026-01-03,1,a,c,Food,Eggs,604,1,0,191,1200.5
2026-01-04,1,a,c,Electronics,Laptop,109,0,0,184,1200.5
2026-01-04,1,a,c,Electronics,Smartphone,222,1,0,184,1200.5
2026-01-04,1,a,c,Electronics,Headphones,270,0,0,184,1200.5
2026-01-04,1,a,c,Clothing,T-Shirt,520,1,0,184,1200.5
2026-01-04,1,a,c,Clothing,Jeans,294,1,0,184,1200.5
2026-01-04,1,a,c,Clothing,Jacket,127,0,0,184,1200.5
2026-01-04,1,a,c,Food,Bread,523,0,0,184,1200.5
2026-01-04,1,a,c,Food,Milk,618,0,0,184,1200.5
2026-01-04,1,a,c,Food,Eggs,497,0,0,184,1200.5
2026-01-05,1,a,c,Electronics,Laptop,109,1,0,157,1200.5
2026-01-05,1,a,c,Electronics,Smartphone,157,0,0,157,1200.5
2026-01-05,1,a,c,Electronics,Headphones,222,0,0,157,1200.5
2026-01-05,1,a,c,Clothing,T-Shirt,420,1,0,157,1200.5
2026-01-05,1,a,c,Clothing,Jeans,213,0,0,157,1200.5
2026-01-05,1,a,c,Clothing,Jacket,132,0,0,157,1200.5
2026-01-05,1,a,c,Food,Bread,455,0,0,157,1200.5
2026-01-05,1,a,c,Food,Milk,603,1,0,157,1200.5
2026-01-05,1,a,c,Food,Eggs,470,1,0,157,1200.5
